{
"__comment":"Made by Know2Good, part of the 'Default 3D' resource pack || Official download page: http://www.planetminecraft.com/texture_pack/default-3d-2981741/ || © Know2Good. All rights reserved. ",
    "variants": {
        "": [
			{ "model": "block/wood/planks/block/crimson/0", "weight": 1 },
			
			{ "model": "block/wood/planks/block/crimson/1", "weight": 1 },
			{ "model": "block/wood/planks/block/crimson/2", "weight": 1 },
			{ "model": "block/wood/planks/block/crimson/3", "weight": 1 },
			{ "model": "block/wood/planks/block/crimson/4", "weight": 1 },
			
			{ "model": "block/wood/planks/block/crimson/5", "weight": 1 },
			{ "model": "block/wood/planks/block/crimson/6", "weight": 1 },
			{ "model": "block/wood/planks/block/crimson/7", "weight": 1 },
			{ "model": "block/wood/planks/block/crimson/8", "weight": 1 },
			{ "model": "block/wood/planks/block/crimson/9", "weight": 1 },
			{ "model": "block/wood/planks/block/crimson/10", "weight": 1 },
			
			{ "model": "block/wood/planks/block/crimson/11", "weight": 1 },
			{ "model": "block/wood/planks/block/crimson/12", "weight": 1 },
			{ "model": "block/wood/planks/block/crimson/13", "weight": 1 },
			{ "model": "block/wood/planks/block/crimson/14", "weight": 1 },
			
			{ "model": "block/wood/planks/block/crimson/15", "weight": 1 }
        ]
    }
}
