{
"__comment":"Made by Know2Good, part of the 'Default 3D' resource pack || Official download page: http://www.planetminecraft.com/texture_pack/default-3d-2981741/ || © Know2Good. All rights reserved. ",
	"variants": {
        "facing=east": 	{ "model": "block/wood/torch/soul_fire/wall" },
        "facing=south": { "model": "block/wood/torch/soul_fire/wall", "y": 90 },
        "facing=west": 	{ "model": "block/wood/torch/soul_fire/wall", "y": 180 },
        "facing=north": { "model": "block/wood/torch/soul_fire/wall", "y": 270 }
    }
}

