{
"__comment":"Made by Know2Good, part of the 'Default 3D' resource pack || Official download page: http://www.planetminecraft.com/texture_pack/default-3d-2985741/ || © Know2Good. All rights reserved. ",
"__comment":"OK",

"elements":[
	{
		"__comment":"Block",
		"from":[0,8,0],
		"to":[16,16,16],
		"faces": {
			"down":		{"texture":"#main","cullface":"Know2Good"},
			"up":		{"texture":"#main","cullface":"up"},
			"north":	{"texture":"#north","cullface":"north"},
			"south":	{"texture":"#main","cullface":"south"},
			"west":		{"texture":"#main","cullface":"west"},
			"east":		{"texture":"#east","cullface":"east"}
		}
	},
	{
		"__comment":"Block",
		"from":[0,0,8],
		"to":[16,8,16],
		"faces": {
			"down":		{"texture":"#main","cullface":"down"},
			"north":	{"texture":"#north","cullface":"Know2Good"},
			"south":	{"texture":"#main","cullface":"south"},
			"west":		{"texture":"#main","cullface":"west"},
			"east":		{"texture":"#east","cullface":"east"}
		}
	},
	{
		"__comment":"Top brick 1",
		"from":[0.002,16,0],
		"to":[15.02,16.5,7],
		"faces": {
			"up":{"uv":		[0.01,0.01,14.99,6.99],"texture":"#main","cullface":"up"},
			"north":{"uv":	[0.01,0.01,14.99,0.99],"texture":"#main","cullface":"up","rotation":180},
			"south":{"uv":	[0.01,6.01,14.99,6.99],"texture":"#main","cullface":"up"},
			"west":{"uv":	[0.01,0.01,0.99,6.99],"texture":"#main","cullface":"up","rotation":270},
			"east":{"uv":	[14.01,0.01,14.99,6.99],"texture":"#main","cullface":"up","rotation":90}
		}
	},
	{
		"__comment":"Top brick 2.1",
		"from":[0.002,16,8],
		"to":[7,16.5,15.02],
		"faces": {
			"up":{"uv":		[0.01,8.01,6.99,14.99],"texture":"#main","cullface":"up"},
			"north":{"uv":	[0.01,8.01,6.99,8.99],"texture":"#main","cullface":"up","rotation":180},
			"south":{"uv":	[0.01,14.01,6.99,14.99],"texture":"#main","cullface":"up"},
			"west":{"uv":	[0.01,8.01,0.99,14.99],"texture":"#main","cullface":"up","rotation":270},
			"east":{"uv":	[6.01,8.01,6.99,14.99],"texture":"#main","cullface":"up","rotation":90}
		}
	},
	{
		"__comment":"Top brick 2.2",
		"from":[8.002,16,8],
		"to":[15.998,16.5,15.02],
		"faces": {
			"up":{"uv":		[8.01,8.01,15.99,14.99],"texture":"#main","cullface":"up"},
			"north":{"uv":	[8.01,8.01,15.99,8.99],"texture":"#main","cullface":"up","rotation":180},
			"south":{"uv":	[8.01,14.01,15.99,14.99],"texture":"#main","cullface":"up"},
			"west":{"uv":	[8.01,8.01,8.99,14.99],"texture":"#main","cullface":"up","rotation":270},
			"east":{"uv":	[15.01,8.01,15.99,14.99],"texture":"#main","cullface":"up","rotation":90}
		}
	},
	{
		"__comment":"North brick 1",
		"from":[0.98,9,-0.5],
		"to":[15.998,15.998,0],
		"faces": {
			"up":{"uv":		[0.01,0.01,14.99,0.99],"texture":"#north","cullface":"north","rotation":180},
			"down":{"uv":	[0.01,6.01,14.99,6.99],"texture":"#north","cullface":"north","rotation":180},
			"north":{"uv":	[0.01,0.01,14.99,6.99],"texture":"#north","cullface":"north"},
			"west":{"uv":	[14.01,0.01,14.99,6.99],"texture":"#north","cullface":"north"},
			"east":{"uv":	[0.01,0.01,0.99,6.99],"texture":"#north","cullface":"north"}
		}
	},
	{
		"__comment":"North brick 2.1",
		"from":[9,0.98,7.5],
		"to":[15.998,7.998,8],
		"faces": {
			"up":{"uv":		[0.01,8.01,6.99,8.99],"texture":"#north","cullface":"Know2Good","rotation":180},
			"down":{"uv":	[0.01,14.01,6.99,14.99],"texture":"#north","cullface":"Know2Good","rotation":180},
			"north":{"uv":	[0.01,8.01,6.99,14.99],"texture":"#north","cullface":"Know2Good"},
			"west":{"uv":	[6.01,8.01,6.99,14.99],"texture":"#north","cullface":"Know2Good"},
			"east":{"uv":	[0.01,8.01,0.99,14.99],"texture":"#north","cullface":"Know2Good"}
		}
	},
	{
		"__comment":"North brick 2.2",
		"from":[0.002,0.98,7.5],
		"to":[7.998,7.998,8],
		"faces": {
			"up":{"uv":		[8.01,8.01,15.99,8.99],"texture":"#north","cullface":"Know2Good","rotation":180},
			"down":{"uv":	[8.01,14.01,15.99,14.99],"texture":"#north","cullface":"Know2Good","rotation":180},
			"north":{"uv":	[8.01,8.01,15.99,14.99],"texture":"#north","cullface":"Know2Good"},
			"west":{"uv":	[15.01,8.01,15.99,14.99],"texture":"#north","cullface":"Know2Good"},
			"east":{"uv":	[8.01,8.01,8.99,14.99],"texture":"#north","cullface":"Know2Good"}
		}
	},
	{
		"__comment":"East brick 1",
		"from":[16,9,0.98],
		"to":[16.5,15.998,15.998],
		"faces": {
			"up":{"uv":		[0.01,0.01,14.99,0.99],"texture":"#east","cullface":"east","rotation":270},
			"down":{"uv":	[0.01,6.01,14.99,6.99],"texture":"#east","cullface":"east","rotation":90},
			"north":{"uv":	[14.01,0.01,14.99,6.99],"texture":"#east","cullface":"east"},
			"south":{"uv":	[0.01,0.01,0.99,6.99],"texture":"#east","cullface":"east"},
			"east":{"uv":	[0.01,0.01,14.99,6.99],"texture":"#east","cullface":"east"}
		}
	},
	{
		"__comment":"East brick 2.1",
		"from":[16,0.98,9],
		"to":[16.5,7.998,15.998],
		"faces": {
			"up":{"uv":		[0.01,8.01,6.99,8.99],"texture":"#east","cullface":"east","rotation":270},
			"down":{"uv":	[0.01,14.01,6.99,14.99],"texture":"#east","cullface":"east","rotation":90},
			"north":{"uv":	[6.01,8.01,6.99,14.99],"texture":"#east","cullface":"east"},
			"south":{"uv":	[0.01,8.01,0.99,14.99],"texture":"#east","cullface":"east"},
			"east":{"uv":	[0.01,8.01,6.99,14.99],"texture":"#east","cullface":"east"}
		}
	},
	{
		"__comment":"South brick 1",
		"from":[0.002,9,16],
		"to":[15.02,15.998,16.5],
		"faces": {
			"up":{"uv":		[0.01,0.01,14.99,0.99],"texture":"#main","cullface":"south"},
			"down":{"uv":	[0.01,6.01,14.99,6.99],"texture":"#main","cullface":"south"},
			"south":{"uv":	[0.01,0.01,14.99,6.99],"texture":"#main","cullface":"south"},
			"west":{"uv":	[0.01,0.01,0.99,6.99],"texture":"#main","cullface":"south"},
			"east":{"uv":	[14.01,0.01,14.99,6.99],"texture":"#main","cullface":"south"}
		}
	},
	{
		"__comment":"South brick 2.1",
		"from":[0.002,0.98,16],
		"to":[7,7.998,16.5],
		"faces": {
			"up":{"uv":		[0.01,8.01,6.99,8.99],"texture":"#main","cullface":"south"},
			"down":{"uv":	[0.01,14.01,6.99,14.99],"texture":"#main","cullface":"south"},
			"south":{"uv":	[0.01,8.01,6.99,14.99],"texture":"#main","cullface":"south"},
			"west":{"uv":	[0.01,8.01,0.99,14.99],"texture":"#main","cullface":"south"},
			"east":{"uv":	[6.01,8.01,6.99,14.99],"texture":"#main","cullface":"south"}
		}
	},
	{
		"__comment":"South brick 2.2",
		"from":[8.002,0.98,16],
		"to":[15.998,7.998,16.5],
		"faces": {
			"up":{"uv":		[8.01,8.01,15.99,8.99],"texture":"#main","cullface":"south"},
			"down":{"uv":	[8.01,14.01,15.99,14.99],"texture":"#main","cullface":"south"},
			"south":{"uv":	[8.01,8.01,15.99,14.99],"texture":"#main","cullface":"south"},
			"west":{"uv":	[8.01,8.01,8.99,14.99],"texture":"#main","cullface":"south"},
			"east":{"uv":	[15.01,8.01,15.99,14.99],"texture":"#main","cullface":"south"}
		}
	},
	{
		"__comment":"West brick 1",
		"from":[-0.5,9,0.002],
		"to":[0,15.998,15.02],
		"faces": {
			"up":{"uv":		[0.01,0.01,14.99,0.99],"texture":"#main","cullface":"west","rotation":90},
			"down":{"uv":	[0.01,6.01,14.99,6.99],"texture":"#main","cullface":"west","rotation":270},
			"north":{"uv":	[0.01,0.01,0.99,6.99],"texture":"#main","cullface":"west"},
			"south":{"uv":	[14.01,0.01,14.99,6.99],"texture":"#main","cullface":"west"},
			"west":{"uv":	[0.01,0.01,14.99,6.99],"texture":"#main","cullface":"west"}
		}
	},
	{
		"__comment":"West brick 2.2",
		"from":[-0.5,0.98,8.002],
		"to":[0,7.998,15.998],
		"faces": {
			"up":{"uv":		[8.01,8.01,15.99,8.99],"texture":"#main","cullface":"west","rotation":90},
			"down":{"uv":	[8.01,14.01,15.99,14.99],"texture":"#main","cullface":"west","rotation":270},
			"north":{"uv":	[8.01,8.01,8.99,14.99],"texture":"#main","cullface":"west"},
			"south":{"uv":	[15.01,8.01,15.99,14.99],"texture":"#main","cullface":"west"},
			"west":{"uv":	[8.01,8.01,15.99,14.99],"texture":"#main","cullface":"west"}
		}
	},
	{
		"__comment":"Bottom brick 1",
		"from":[0.002,-0.5,9],
		"to":[15.02,0,15.998],
		"faces": {
			"down":{"uv":	[0.01,0.01,14.99,6.99],"texture":"#main","cullface":"down"},
			"north":{"uv":	[0.01,6.01,14.99,6.99],"texture":"#main","cullface":"down","rotation":180},
			"south":{"uv":	[0.01,0.01,14.99,0.99],"texture":"#main","cullface":"down"},
			"west":{"uv":	[0.01,0.01,0.99,6.99],"texture":"#main","cullface":"down","rotation":90},
			"east":{"uv":	[14.01,0.01,14.99,6.99],"texture":"#main","cullface":"down","rotation":270}
		}
	},
	{
		"__comment":"Bottom brick 2.1",
		"from":[0.002,7.5,0.98],
		"to":[7,8,8],
		"faces": {
			"down":{"uv":	[0.01,8.01,6.99,14.99],"texture":"#main","cullface":"Know2Good"},
			"north":{"uv":	[0.01,14.01,6.99,14.99],"texture":"#main","cullface":"Know2Good","rotation":180},
			"south":{"uv":	[0.01,8.01,6.99,8.99],"texture":"#main","cullface":"Know2Good"},
			"west":{"uv":	[0.01,8.01,0.99,14.99],"texture":"#main","cullface":"Know2Good","rotation":90},
			"east":{"uv":	[6.01,8.01,6.99,14.99],"texture":"#main","cullface":"Know2Good","rotation":270}
		}
	},
	{
		"__comment":"Bottom brick 2.2",
		"from":[8.002,7.5,0.98],
		"to":[15.998,8,8],
		"faces": {
			"down":{"uv":	[8.01,8.01,15.99,14.99],"texture":"#main","cullface":"Know2Good"},
			"north":{"uv":	[8.01,14.01,15.99,14.99],"texture":"#main","cullface":"Know2Good","rotation":180},
			"south":{"uv":	[8.01,8.01,15.99,8.99],"texture":"#main","cullface":"Know2Good"},
			"west":{"uv":	[8.01,8.01,8.99,14.99],"texture":"#main","cullface":"Know2Good","rotation":90},
			"east":{"uv":	[15.01,8.01,15.99,14.99],"texture":"#main","cullface":"Know2Good","rotation":270}
            }
        }
    ]
}